{
  "Author": "Vibicer",
  "Name": "Chat Translator AI",
  "InternalName": "ChatTranslatorAI",
  "AssemblyVersion": "0.0.0.1",
  "Description": "Automatically translates Japanese chat messages to English and provides commands to translate your messages to Japanese. Features include: automatic JP to EN translation, /jp command to translate any language to Japanese, channel filtering, and more. Configure via /transconfig.",
  "ApplicableVersion": "any",
  "Tags": [
    "chat",
    "translation",
    "translator",
    "japanese",
    "openrouter",
    "ai"
  ],
  "DalamudApiLevel": 12,
  "LoadRequiredState": 0,
  "LoadSync": false,
  "CanUnloadAsync": false,
  "LoadPriority": 0,
  "Punchline": "Translates JP and EN using AI models.",
  "AcceptsFeedback": true
}